,ADNET,INTERNAL,ADNET VOLUME,INTERNAL VOLUME
3/15/2021,a1c level treatments for type 2 diabetes,type 2 diabetes treatments for lower blood sugar,diabetes type 2 early symptoms and treatments,first signals of diabetes type 2 and treatment (farxiga)
3/15/2021,type 2 diabetes treatment symptoms,first signals of diabetes type 2 and treatment (farxiga),type 2 diabetes treatment without medication you should see,diabetes type 2 early symptoms and treatments
3/15/2021,diabetes type 2 early symptoms and treatments,first indications of diabetes type 2 and treatment trulicity,early signs type 2 diabetes and treatment,first signs of diabetes type 2 and treatment (jardiance)
3/15/2021,early signs type 2 diabetes and treatment,signs of diabetes type 2 and treatment farxiga,lowering blood sugar type 2 diabetes,symptoms of diabetes
3/15/2021,treatment for type 2 diabetes,first indications of diabetes type 2 and treatments,first signs of diabetes type 2 and treatment,diabetes type 2 symptoms and treatments
3/15/2021,treatment type 2 diabetes you can see,beginning signs type 2 diabetes and treatment,a1c level treatments for type 2 diabetes,first signs of diabetes type 2 and treatment
3/15/2021,first signs of diabetes type 2 and treatment,type 2 diabetes symptoms and treatment,beginning signs type 2 diabetes and treatment,type 2 diabetes treatments for lower blood sugar
3/15/2021,treatment type 2 diabetes you should see,diabetes type 2 beginning symptoms and treatments,type 2 diabetes treatment without medication,signs of diabetes type 2 and treatment
3/15/2021,beginning signs type 2 diabetes and treatment,indications of diabetes type 2 and treatment,signs of type 2 diabetes,beginning signs type 2 diabetes and treatment
3/15/2021,treatment type 2 diabetes,first signs of diabetes type 2 and treatment (jardiance),type 2 diabetes blood sugar control,diabetes symptoms
3/15/2021,$1.23 ,type 2 diabetes treatment symptoms,type 2 diabetes treatment without medication you can see,first signs type 2 diabetes and treatment
3/15/2021,type 2 diabetes signs and treatments,signs of diabetes type 2 and treatment,natural remedies for diabetes,type 2 diabetes treatment symptoms
3/15/2021,diabetes medications,diabetes type 2 early symptoms and treatments,symptoms of diabetes,first indications of diabetes type 2 and treatments
3/15/2021,type 2 diabetes treatment,diabetes type 2 symptoms and treatments,type 2 diabetes signs and treatments,normal blood sugar chart by age
3/15/2021,type 2 diabetes treatment without medication you should see,early signs type 2 diabetes and new treatment,best a1c level treatments type 2 diabetes,list of food a diabetic can eat
3/15/2021,type 2 diabetes treatment without medication,first signs type 2 diabetes and treatment,no fingerstick glucose monitoring,type 2 diabetes blood sugar control
3/15/2021,type 2 diabetes treatment without medication you can see,best type 2 diabetes treatments,treatment type 2 diabetes you can see,what foods lower blood sugar
3/15/2021,fast inhaled insulin for type 2 diabetes,$1.24 ,treatment type 2 diabetes you should see,type 2 diabetes symptoms and treatment
3/15/2021,early symptoms of type 2 diabetes,diabetic neuropathy treatment,treatments for diabetes,diabetes food to eat
3/15/2021,signs of type 2 diabetes,type 2 diabetes treatment without medication,treatment type 2 diabetes,early signs type 2 diabetes and new treatment
3/15/2021,diabetes 2 symptoms,symptoms of diabetes,,
